4.302999999999999936e+00,0.000000000000000000e+00,8.606000000000000316e-01,1.250000000000000000e+00,0.000000000000000000e+00,0.000000000000000000e+00,nan,7.521151313643723579e-01,0.000000000000000000e+00
4.291999999999999815e+00,1.000000000000000000e+03,8.584000000000000519e-01,1.247800000000000020e+00,2.199999999999979750e-03,1.759999999999983800e-03,1.759999999999983784e-06,7.534411878549970298e-01,2.777777777777777901e-01
4.291999999999999815e+00,2.000000000000000000e+03,8.584000000000000519e-01,1.247800000000000020e+00,2.199999999999979750e-03,1.759999999999983800e-03,8.799999999999918922e-07,7.534411878549970298e-01,5.555555555555555802e-01
4.296999999999999709e+00,3.000000000000000000e+03,8.593999999999999417e-01,1.248799999999999910e+00,1.200000000000089884e-03,9.600000000000719069e-04,3.200000000000239883e-07,7.528378557058499343e-01,8.333333333333333703e-01
4.293000000000000149e+00,4.000000000000000000e+03,8.586000000000000298e-01,1.247999999999999998e+00,2.000000000000001776e-03,1.600000000000001378e-03,4.000000000000003525e-07,7.533204440748920705e-01,1.111111111111111160e+00
4.291999999999999815e+00,5.000000000000000000e+03,8.584000000000000519e-01,1.247800000000000020e+00,2.199999999999979750e-03,1.759999999999983800e-03,3.519999999999967463e-07,7.534411878549970298e-01,1.388888888888888840e+00
4.291000000000000369e+00,6.000000000000000000e+03,8.582000000000000739e-01,1.247600000000000042e+00,2.399999999999957723e-03,1.919999999999966222e-03,3.199999999999943951e-07,7.535619703474392139e-01,1.666666666666666741e+00
4.285999999999999588e+00,7.000000000000000000e+03,8.571999999999999620e-01,1.246599999999999930e+00,3.400000000000069633e-03,2.720000000000055707e-03,3.885714285714365205e-07,7.541664641468517338e-01,1.944444444444444420e+00
4.296000000000000263e+00,8.000000000000000000e+03,8.592000000000000748e-01,1.248600000000000154e+00,1.399999999999845812e-03,1.119999999999876737e-03,1.399999999999846041e-07,7.529584448225733473e-01,2.222222222222222321e+00
4.291999999999999815e+00,9.000000000000000000e+03,8.584000000000000519e-01,1.247800000000000020e+00,2.199999999999979750e-03,1.759999999999983800e-03,1.955555555555537509e-07,7.534411878549970298e-01,2.500000000000000000e+00
4.296999999999999709e+00,1.000000000000000000e+04,8.593999999999999417e-01,1.248799999999999910e+00,1.200000000000089884e-03,9.600000000000719069e-04,9.600000000000718591e-08,7.528378557058499343e-01,2.777777777777777679e+00
4.291999999999999815e+00,1.100000000000000000e+04,8.584000000000000519e-01,1.247800000000000020e+00,2.199999999999979750e-03,1.759999999999983800e-03,1.599999999999985210e-07,7.534411878549970298e-01,3.055555555555555358e+00
4.291000000000000369e+00,1.200000000000000000e+04,8.582000000000000739e-01,1.247600000000000042e+00,2.399999999999957723e-03,1.919999999999966222e-03,1.599999999999971976e-07,7.535619703474392139e-01,3.333333333333333481e+00
4.296999999999999709e+00,1.300000000000000000e+04,8.593999999999999417e-01,1.248799999999999910e+00,1.200000000000089884e-03,9.600000000000719069e-04,7.384615384615937581e-08,7.528378557058499343e-01,3.611111111111111160e+00
4.291000000000000369e+00,1.400000000000000000e+04,8.582000000000000739e-01,1.247600000000000042e+00,2.399999999999957723e-03,1.919999999999966222e-03,1.371428571428547370e-07,7.535619703474392139e-01,3.888888888888888840e+00
4.293000000000000149e+00,1.500000000000000000e+04,8.586000000000000298e-01,1.247999999999999998e+00,2.000000000000001776e-03,1.600000000000001378e-03,1.066666666666667615e-07,7.533204440748920705e-01,4.166666666666666963e+00
4.296999999999999709e+00,1.600000000000000000e+04,8.593999999999999417e-01,1.248799999999999910e+00,1.200000000000089884e-03,9.600000000000719069e-04,6.000000000000449450e-08,7.528378557058499343e-01,4.444444444444444642e+00
4.291999999999999815e+00,1.700000000000000000e+04,8.584000000000000519e-01,1.247800000000000020e+00,2.199999999999979750e-03,1.759999999999983800e-03,1.035294117647049269e-07,7.534411878549970298e-01,4.722222222222222321e+00
4.296999999999999709e+00,1.800000000000000000e+04,8.593999999999999417e-01,1.248799999999999910e+00,1.200000000000089884e-03,9.600000000000719069e-04,5.333333333333733139e-08,7.528378557058499343e-01,5.000000000000000000e+00
4.288999999999999702e+00,1.900000000000000000e+04,8.578000000000000069e-01,1.247199999999999864e+00,2.800000000000135714e-03,2.240000000000108658e-03,1.178947368421109775e-07,7.538036515438304441e-01,5.277777777777777679e+00
4.288999999999999702e+00,2.000000000000000000e+04,8.578000000000000069e-01,1.247199999999999864e+00,2.800000000000135714e-03,2.240000000000108658e-03,1.120000000000054366e-07,7.538036515438304441e-01,5.555555555555555358e+00
4.293000000000000149e+00,2.100000000000000000e+04,8.586000000000000298e-01,1.247999999999999998e+00,2.000000000000001776e-03,1.600000000000001378e-03,7.619047619047625824e-08,7.533204440748920705e-01,5.833333333333333037e+00
4.286999999999999922e+00,2.200000000000000000e+04,8.574000000000000510e-01,1.246799999999999908e+00,3.200000000000091660e-03,2.560000000000073501e-03,1.163636363636397001e-07,7.540454878131739314e-01,6.111111111111110716e+00
4.296999999999999709e+00,2.300000000000000000e+04,8.593999999999999417e-01,1.248799999999999910e+00,1.200000000000089884e-03,9.600000000000719069e-04,4.173913043478573329e-08,7.528378557058499343e-01,6.388888888888889284e+00
4.291999999999999815e+00,2.400000000000000000e+04,8.584000000000000519e-01,1.247800000000000020e+00,2.199999999999979750e-03,1.759999999999983800e-03,7.333333333333265327e-08,7.534411878549970298e-01,6.666666666666666963e+00
4.291999999999999815e+00,2.500000000000000000e+04,8.584000000000000519e-01,1.247800000000000020e+00,2.199999999999979750e-03,1.759999999999983800e-03,7.039999999999934661e-08,7.534411878549970298e-01,6.944444444444444642e+00
4.286999999999999922e+00,2.600000000000000000e+04,8.574000000000000510e-01,1.246799999999999908e+00,3.200000000000091660e-03,2.560000000000073501e-03,9.846153846154129485e-08,7.540454878131739314e-01,7.222222222222222321e+00
4.286999999999999922e+00,2.700000000000000000e+04,8.574000000000000510e-01,1.246799999999999908e+00,3.200000000000091660e-03,2.560000000000073501e-03,9.481481481481753730e-08,7.540454878131739314e-01,7.500000000000000000e+00
4.291000000000000369e+00,2.800000000000000000e+04,8.582000000000000739e-01,1.247600000000000042e+00,2.399999999999957723e-03,1.919999999999966222e-03,6.857142857142736849e-08,7.535619703474392139e-01,7.777777777777777679e+00
4.285999999999999588e+00,2.900000000000000000e+04,8.571999999999999620e-01,1.246599999999999930e+00,3.400000000000069633e-03,2.720000000000055707e-03,9.379310344827778902e-08,7.541664641468517338e-01,8.055555555555555358e+00
4.291999999999999815e+00,3.000000000000000000e+04,8.584000000000000519e-01,1.247800000000000020e+00,2.199999999999979750e-03,1.759999999999983800e-03,5.866666666666612659e-08,7.534411878549970298e-01,8.333333333333333925e+00
4.285000000000000142e+00,3.100000000000000000e+04,8.570000000000000950e-01,1.246399999999999952e+00,3.600000000000047606e-03,2.880000000000037912e-03,9.290322580645283331e-08,7.542874793047700255e-01,8.611111111111110716e+00
4.286999999999999922e+00,3.200000000000000000e+04,8.574000000000000510e-01,1.246799999999999908e+00,3.200000000000091660e-03,2.560000000000073501e-03,8.000000000000229131e-08,7.540454878131739314e-01,8.888888888888889284e+00
4.286999999999999922e+00,3.300000000000000000e+04,8.574000000000000510e-01,1.246799999999999908e+00,3.200000000000091660e-03,2.560000000000073501e-03,7.757575757575980445e-08,7.540454878131739314e-01,9.166666666666666075e+00
4.285999999999999588e+00,3.400000000000000000e+04,8.571999999999999620e-01,1.246599999999999930e+00,3.400000000000069633e-03,2.720000000000055707e-03,8.000000000000164280e-08,7.541664641468517338e-01,9.444444444444444642e+00
4.285999999999999588e+00,3.500000000000000000e+04,8.571999999999999620e-01,1.246599999999999930e+00,3.400000000000069633e-03,2.720000000000055707e-03,7.771428571428731204e-08,7.541664641468517338e-01,9.722222222222221433e+00
4.283000000000000362e+00,3.600000000000000000e+04,8.566000000000001391e-01,1.245999999999999996e+00,4.000000000000003553e-03,3.200000000000002755e-03,8.888888888888896133e-08,7.545296261681102568e-01,1.000000000000000000e+01
4.285000000000000142e+00,3.700000000000000000e+04,8.570000000000000950e-01,1.246399999999999952e+00,3.600000000000047606e-03,2.880000000000037912e-03,7.783783783783885748e-08,7.542874793047700255e-01,1.027777777777777857e+01
4.285999999999999588e+00,3.800000000000000000e+04,8.571999999999999620e-01,1.246599999999999930e+00,3.400000000000069633e-03,2.720000000000055707e-03,7.157894736842251415e-08,7.541664641468517338e-01,1.055555555555555536e+01
4.283000000000000362e+00,3.900000000000000000e+04,8.566000000000001391e-01,1.245999999999999996e+00,4.000000000000003553e-03,3.200000000000002755e-03,8.205128205128211612e-08,7.545296261681102568e-01,1.083333333333333393e+01
4.286999999999999922e+00,4.000000000000000000e+04,8.574000000000000510e-01,1.246799999999999908e+00,3.200000000000091660e-03,2.560000000000073501e-03,6.400000000000184364e-08,7.540454878131739314e-01,1.111111111111111072e+01
4.285000000000000142e+00,4.100000000000000000e+04,8.570000000000000950e-01,1.246399999999999952e+00,3.600000000000047606e-03,2.880000000000037912e-03,7.024390243902532138e-08,7.542874793047700255e-01,1.138888888888888928e+01
4.285000000000000142e+00,4.200000000000000000e+04,8.570000000000000950e-01,1.246399999999999952e+00,3.600000000000047606e-03,2.880000000000037912e-03,6.857142857142947284e-08,7.542874793047700255e-01,1.166666666666666607e+01
4.283000000000000362e+00,4.300000000000000000e+04,8.566000000000001391e-01,1.245999999999999996e+00,4.000000000000003553e-03,3.200000000000002755e-03,7.441860465116285720e-08,7.545296261681102568e-01,1.194444444444444464e+01
4.283000000000000362e+00,4.400000000000000000e+04,8.566000000000001391e-01,1.245999999999999996e+00,4.000000000000003553e-03,3.200000000000002755e-03,7.272727272727279256e-08,7.545296261681102568e-01,1.222222222222222143e+01
4.283999999999999808e+00,4.500000000000000000e+04,8.568000000000000060e-01,1.246199999999999974e+00,3.800000000000025580e-03,3.040000000000020550e-03,6.755555555555600607e-08,7.544085333056212983e-01,1.250000000000000000e+01
4.285000000000000142e+00,4.600000000000000000e+04,8.570000000000000950e-01,1.246399999999999952e+00,3.600000000000047606e-03,2.880000000000037912e-03,6.260869565217473204e-08,7.542874793047700255e-01,1.277777777777777857e+01
4.283000000000000362e+00,4.700000000000000000e+04,8.566000000000001391e-01,1.245999999999999996e+00,4.000000000000003553e-03,3.200000000000002755e-03,6.808510638297877833e-08,7.545296261681102568e-01,1.305555555555555536e+01
4.283999999999999808e+00,4.800000000000000000e+04,8.568000000000000060e-01,1.246199999999999974e+00,3.800000000000025580e-03,3.040000000000020550e-03,6.333333333333375487e-08,7.544085333056212983e-01,1.333333333333333393e+01
4.277999999999999581e+00,4.900000000000000000e+04,8.555999999999999162e-01,1.244999999999999885e+00,5.000000000000115463e-03,4.000000000000092024e-03,8.163265306122637275e-08,7.551356740606146589e-01,1.361111111111111072e+01
4.277999999999999581e+00,5.000000000000000000e+04,8.555999999999999162e-01,1.244999999999999885e+00,5.000000000000115463e-03,4.000000000000092024e-03,8.000000000000184132e-08,7.551356740606146589e-01,1.388888888888888928e+01
4.278999999999999915e+00,5.100000000000000000e+04,8.558000000000000052e-01,1.245200000000000085e+00,4.799999999999915445e-03,3.839999999999932443e-03,7.529411764705749461e-08,7.550143866089504829e-01,1.416666666666666607e+01
4.272000000000000242e+00,5.200000000000000000e+04,8.544000000000000483e-01,1.243800000000000017e+00,6.199999999999983302e-03,4.959999999999986989e-03,9.538461538461513209e-08,7.558642178850821791e-01,1.444444444444444464e+01
4.266000000000000014e+00,5.300000000000000000e+04,8.532000000000000695e-01,1.242599999999999927e+00,7.400000000000073186e-03,5.920000000000058896e-03,1.116981132075482829e-07,7.565941688439283830e-01,1.472222222222222143e+01
4.269000000000000128e+00,5.400000000000000000e+04,8.538000000000001144e-01,1.243200000000000083e+00,6.799999999999917222e-03,5.439999999999933604e-03,1.007407407407395091e-07,7.562290172180383685e-01,1.500000000000000000e+01
4.264999999999999680e+00,5.500000000000000000e+04,8.529999999999999805e-01,1.242399999999999949e+00,7.600000000000051159e-03,6.080000000000041101e-03,1.105454545454552911e-07,7.567159644280949671e-01,1.527777777777777857e+01
4.261000000000000121e+00,5.600000000000000000e+04,8.522000000000000686e-01,1.241600000000000037e+00,8.399999999999963052e-03,6.719999999999970788e-03,1.199999999999994864e-07,7.572035391474429833e-01,1.555555555555555536e+01
4.266000000000000014e+00,5.700000000000000000e+04,8.532000000000000695e-01,1.242599999999999927e+00,7.400000000000073186e-03,5.920000000000058896e-03,1.038596491228080534e-07,7.565941688439283830e-01,1.583333333333333393e+01
4.264999999999999680e+00,5.800000000000000000e+04,8.529999999999999805e-01,1.242399999999999949e+00,7.600000000000051159e-03,6.080000000000041101e-03,1.048275862068972581e-07,7.567159644280949671e-01,1.611111111111111072e+01
4.256000000000000227e+00,5.900000000000000000e+04,8.512000000000000677e-01,1.240600000000000147e+00,9.399999999999852918e-03,7.519999999999882681e-03,1.274576271186420776e-07,7.578138918309408334e-01,1.638888888888888928e+01
4.254999999999999893e+00,6.000000000000000000e+04,8.509999999999999787e-01,1.240399999999999947e+00,9.600000000000052935e-03,7.680000000000042695e-03,1.280000000000007227e-07,7.579360804623227477e-01,1.666666666666666785e+01
4.254999999999999893e+00,6.100000000000000000e+04,8.509999999999999787e-01,1.240399999999999947e+00,9.600000000000052935e-03,7.680000000000042695e-03,1.259016393442629877e-07,7.579360804623227477e-01,1.694444444444444287e+01
4.256999999999999673e+00,6.200000000000000000e+04,8.513999999999999346e-01,1.240799999999999903e+00,9.200000000000096989e-03,7.360000000000077418e-03,1.187096774193560878e-07,7.576917425898332947e-01,1.722222222222222143e+01
4.254999999999999893e+00,6.300000000000000000e+04,8.509999999999999787e-01,1.240399999999999947e+00,9.600000000000052935e-03,7.680000000000042695e-03,1.219047619047625955e-07,7.579360804623227477e-01,1.750000000000000000e+01
4.251999999999999780e+00,6.400000000000000000e+04,8.504000000000000448e-01,1.239800000000000013e+00,1.019999999999998685e-02,8.159999999999990178e-03,1.274999999999998381e-07,7.583028828887443673e-01,1.777777777777777857e+01
4.251999999999999780e+00,6.500000000000000000e+04,8.504000000000000448e-01,1.239800000000000013e+00,1.019999999999998685e-02,8.159999999999990178e-03,1.255384615384613859e-07,7.583028828887443673e-01,1.805555555555555713e+01
4.246999999999999886e+00,6.600000000000000000e+04,8.494000000000000439e-01,1.238799999999999901e+00,1.120000000000009877e-02,8.960000000000079012e-03,1.357575757575769612e-07,7.589150098526519228e-01,1.833333333333333215e+01
4.253000000000000114e+00,6.700000000000000000e+04,8.506000000000000227e-01,1.239999999999999991e+00,1.000000000000000888e-02,8.000000000000007105e-03,1.194029850746269634e-07,7.581805759721493843e-01,1.861111111111111072e+01
4.246999999999999886e+00,6.800000000000000000e+04,8.494000000000000439e-01,1.238799999999999901e+00,1.120000000000009877e-02,8.960000000000079012e-03,1.317647058823540930e-07,7.589150098526519228e-01,1.888888888888888928e+01
4.243999999999999773e+00,6.900000000000000000e+04,8.487999999999999989e-01,1.238199999999999967e+00,1.180000000000003268e-02,9.440000000000026495e-03,1.368115942028989380e-07,7.592827606246690397e-01,1.916666666666666785e+01
4.246999999999999886e+00,7.000000000000000000e+04,8.494000000000000439e-01,1.238799999999999901e+00,1.120000000000009877e-02,8.960000000000079012e-03,1.280000000000011197e-07,7.589150098526519228e-01,1.944444444444444287e+01
4.240999999999999659e+00,7.100000000000000000e+04,8.481999999999999540e-01,1.237600000000000033e+00,1.239999999999996660e-02,9.919999999999973977e-03,1.397183098591545612e-07,7.596508679746810655e-01,1.972222222222222143e+01
4.246999999999999886e+00,7.200000000000000000e+04,8.494000000000000439e-01,1.238799999999999901e+00,1.120000000000009877e-02,8.960000000000079012e-03,1.244444444444455411e-07,7.589150098526519228e-01,2.000000000000000000e+01
4.243000000000000327e+00,7.300000000000000000e+04,8.486000000000001320e-01,1.237999999999999989e+00,1.200000000000001066e-02,9.600000000000007833e-03,1.315068493150685913e-07,7.594054234292934025e-01,2.027777777777777857e+01
4.241999999999999993e+00,7.400000000000000000e+04,8.484000000000000430e-01,1.237800000000000011e+00,1.219999999999998863e-02,9.759999999999990905e-03,1.318918918918917616e-07,7.595281258728915352e-01,2.055555555555555713e+01
4.241999999999999993e+00,7.500000000000000000e+04,8.484000000000000430e-01,1.237800000000000011e+00,1.219999999999998863e-02,9.759999999999990905e-03,1.301333333333332016e-07,7.595281258728915352e-01,2.083333333333333215e+01
4.235999999999999766e+00,7.600000000000000000e+04,8.471999999999999531e-01,1.236599999999999921e+00,1.340000000000007851e-02,1.072000000000006281e-02,1.410526315789482080e-07,7.602651740299736227e-01,2.111111111111111072e+01
4.240999999999999659e+00,7.700000000000000000e+04,8.481999999999999540e-01,1.237600000000000033e+00,1.239999999999996660e-02,9.919999999999973977e-03,1.288311688311684946e-07,7.596508679746810655e-01,2.138888888888888928e+01
4.241999999999999993e+00,7.800000000000000000e+04,8.484000000000000430e-01,1.237800000000000011e+00,1.219999999999998863e-02,9.759999999999990905e-03,1.251282051282050107e-07,7.595281258728915352e-01,2.166666666666666785e+01
4.235000000000000320e+00,7.900000000000000000e+04,8.470000000000000862e-01,1.236400000000000166e+00,1.359999999999983444e-02,1.087999999999986721e-02,1.377215189873400830e-07,7.603881544851708307e-01,2.194444444444444287e+01
4.240999999999999659e+00,8.000000000000000000e+04,8.481999999999999540e-01,1.237600000000000033e+00,1.239999999999996660e-02,9.919999999999973977e-03,1.239999999999996810e-07,7.596508679746810655e-01,2.222222222222222143e+01
4.235999999999999766e+00,8.100000000000000000e+04,8.471999999999999531e-01,1.236599999999999921e+00,1.340000000000007851e-02,1.072000000000006281e-02,1.323456790123464445e-07,7.602651740299736227e-01,2.250000000000000000e+01
4.232999999999999652e+00,8.200000000000000000e+04,8.466000000000000192e-01,1.235999999999999988e+00,1.400000000000001243e-02,1.120000000000001029e-02,1.365853658536586531e-07,7.606342347940658888e-01,2.277777777777777857e+01
4.232999999999999652e+00,8.300000000000000000e+04,8.466000000000000192e-01,1.235999999999999988e+00,1.400000000000001243e-02,1.120000000000001029e-02,1.349397590361447109e-07,7.606342347940658888e-01,2.305555555555555713e+01
4.237000000000000099e+00,8.400000000000000000e+04,8.474000000000000421e-01,1.236800000000000122e+00,1.319999999999987850e-02,1.055999999999990280e-02,1.257142857142845522e-07,7.601422333485327032e-01,2.333333333333333215e+01
4.232999999999999652e+00,8.500000000000000000e+04,8.466000000000000192e-01,1.235999999999999988e+00,1.400000000000001243e-02,1.120000000000001029e-02,1.317647058823530607e-07,7.606342347940658888e-01,2.361111111111111072e+01
4.233999999999999986e+00,8.600000000000000000e+04,8.467999999999999972e-01,1.236199999999999966e+00,1.380000000000003446e-02,1.104000000000002722e-02,1.283720930232561361e-07,7.605111747334293293e-01,2.388888888888888928e+01
4.233999999999999986e+00,8.700000000000000000e+04,8.467999999999999972e-01,1.236199999999999966e+00,1.380000000000003446e-02,1.104000000000002722e-02,1.268965517241382477e-07,7.605111747334293293e-01,2.416666666666666785e+01
4.232999999999999652e+00,8.800000000000000000e+04,8.466000000000000192e-01,1.235999999999999988e+00,1.400000000000001243e-02,1.120000000000001029e-02,1.272727272727273969e-07,7.606342347940658888e-01,2.444444444444444287e+01
4.229000000000000092e+00,8.900000000000000000e+04,8.458000000000001073e-01,1.235200000000000076e+00,1.479999999999992433e-02,1.183999999999993911e-02,1.330337078651678643e-07,7.611268735471706792e-01,2.472222222222222143e+01
4.233999999999999986e+00,9.000000000000000000e+04,8.467999999999999972e-01,1.236199999999999966e+00,1.380000000000003446e-02,1.104000000000002722e-02,1.226666666666669710e-07,7.605111747334293293e-01,2.500000000000000000e+01
4.227999999999999758e+00,9.100000000000000000e+04,8.456000000000000183e-01,1.234999999999999876e+00,1.500000000000012434e-02,1.200000000000009913e-02,1.318681318681329602e-07,7.612501329598909683e-01,2.527777777777777857e+01
4.233999999999999986e+00,9.200000000000000000e+04,8.467999999999999972e-01,1.236199999999999966e+00,1.380000000000003446e-02,1.104000000000002722e-02,1.200000000000003069e-07,7.605111747334293293e-01,2.555555555555555713e+01
4.227999999999999758e+00,9.300000000000000000e+04,8.456000000000000183e-01,1.234999999999999876e+00,1.500000000000012434e-02,1.200000000000009913e-02,1.290322580645171991e-07,7.612501329598909683e-01,2.583333333333333215e+01
4.232999999999999652e+00,9.400000000000000000e+04,8.466000000000000192e-01,1.235999999999999988e+00,1.400000000000001243e-02,1.120000000000001029e-02,1.191489361702128819e-07,7.606342347940658888e-01,2.611111111111111072e+01
4.224000000000000199e+00,9.500000000000000000e+04,8.448000000000001064e-01,1.234199999999999964e+00,1.580000000000003624e-02,1.264000000000002968e-02,1.330526315789476863e-07,7.617435700903136819e-01,2.638888888888888928e+01
4.233999999999999986e+00,9.600000000000000000e+04,8.467999999999999972e-01,1.236199999999999966e+00,1.380000000000003446e-02,1.104000000000002722e-02,1.150000000000002886e-07,7.605111747334293293e-01,2.666666666666666785e+01
4.222999999999999865e+00,9.700000000000000000e+04,8.446000000000000174e-01,1.233999999999999986e+00,1.600000000000001421e-02,1.280000000000001102e-02,1.319587628865980490e-07,7.618670293399232296e-01,2.694444444444444287e+01
4.233999999999999986e+00,9.800000000000000000e+04,8.467999999999999972e-01,1.236199999999999966e+00,1.380000000000003446e-02,1.104000000000002722e-02,1.126530612244900743e-07,7.605111747334293293e-01,2.722222222222222143e+01
4.227999999999999758e+00,9.900000000000000000e+04,8.456000000000000183e-01,1.234999999999999876e+00,1.500000000000012434e-02,1.200000000000009913e-02,1.212121212121222253e-07,7.612501329598909683e-01,2.750000000000000000e+01
4.227000000000000313e+00,1.000000000000000000e+05,8.454000000000001513e-01,1.234800000000000120e+00,1.519999999999988027e-02,1.215999999999990352e-02,1.215999999999990242e-07,7.613734323011541738e-01,2.777777777777777857e+01
4.224999999999999645e+00,1.010000000000000000e+05,8.449999999999999734e-01,1.234399999999999942e+00,1.560000000000005826e-02,1.248000000000004661e-02,1.235643564356440282e-07,7.616201508469421233e-01,2.805555555555555713e+01
4.227999999999999758e+00,1.020000000000000000e+05,8.456000000000000183e-01,1.234999999999999876e+00,1.500000000000012434e-02,1.200000000000009913e-02,1.176470588235303835e-07,7.612501329598909683e-01,2.833333333333333215e+01
4.221000000000000085e+00,1.030000000000000000e+05,8.442000000000000615e-01,1.233600000000000030e+00,1.639999999999997016e-02,1.311999999999997543e-02,1.273786407766987820e-07,7.621140679356883663e-01,2.861111111111111072e+01
4.229000000000000092e+00,1.040000000000000000e+05,8.458000000000001073e-01,1.235200000000000076e+00,1.479999999999992433e-02,1.183999999999993911e-02,1.138461538461532621e-07,7.611268735471706792e-01,2.888888888888888928e+01
4.222000000000000419e+00,1.050000000000000000e+05,8.444000000000001505e-01,1.233800000000000008e+00,1.619999999999999218e-02,1.295999999999999409e-02,1.234285714285713729e-07,7.619905286152254265e-01,2.916666666666666785e+01
4.222999999999999865e+00,1.060000000000000000e+05,8.446000000000000174e-01,1.233999999999999986e+00,1.600000000000001421e-02,1.280000000000001102e-02,1.207547169811321864e-07,7.618670293399232296e-01,2.944444444444444287e+01
4.222999999999999865e+00,1.070000000000000000e+05,8.446000000000000174e-01,1.233999999999999986e+00,1.600000000000001421e-02,1.280000000000001102e-02,1.196261682242991577e-07,7.618670293399232296e-01,2.972222222222222143e+01
4.222999999999999865e+00,1.080000000000000000e+05,8.446000000000000174e-01,1.233999999999999986e+00,1.600000000000001421e-02,1.280000000000001102e-02,1.185185185185186195e-07,7.618670293399232296e-01,3.000000000000000000e+01
4.219999999999999751e+00,1.090000000000000000e+05,8.439999999999999725e-01,1.233400000000000052e+00,1.659999999999994813e-02,1.327999999999995850e-02,1.218348623853207217e-07,7.622376473207922443e-01,3.027777777777777857e+01
4.222999999999999865e+00,1.100000000000000000e+05,8.446000000000000174e-01,1.233999999999999986e+00,1.600000000000001421e-02,1.280000000000001102e-02,1.163636363636364575e-07,7.618670293399232296e-01,3.055555555555555713e+01
4.214999999999999858e+00,1.110000000000000000e+05,8.429999999999999716e-01,1.232399999999999940e+00,1.760000000000006004e-02,1.408000000000004734e-02,1.268468468468472830e-07,7.628561458986248267e-01,3.083333333333333215e+01
4.222999999999999865e+00,1.120000000000000000e+05,8.446000000000000174e-01,1.233999999999999986e+00,1.600000000000001421e-02,1.280000000000001102e-02,1.142857142857143807e-07,7.618670293399232296e-01,3.111111111111111072e+01
4.219000000000000306e+00,1.130000000000000000e+05,8.438000000000001055e-01,1.233200000000000074e+00,1.679999999999992610e-02,1.343999999999994158e-02,1.189380530973446093e-07,7.623612667900301343e-01,3.138888888888888928e+01
4.222999999999999865e+00,1.140000000000000000e+05,8.446000000000000174e-01,1.233999999999999986e+00,1.600000000000001421e-02,1.280000000000001102e-02,1.122807017543860571e-07,7.618670293399232296e-01,3.166666666666666785e+01
4.221000000000000085e+00,1.150000000000000000e+05,8.442000000000000615e-01,1.233600000000000030e+00,1.639999999999997016e-02,1.311999999999997543e-02,1.140869565217389108e-07,7.621140679356883663e-01,3.194444444444444287e+01
4.222000000000000419e+00,1.160000000000000000e+05,8.444000000000001505e-01,1.233800000000000008e+00,1.619999999999999218e-02,1.295999999999999409e-02,1.117241379310344312e-07,7.619905286152254265e-01,3.222222222222222143e+01
4.214999999999999858e+00,1.170000000000000000e+05,8.429999999999999716e-01,1.232399999999999940e+00,1.760000000000006004e-02,1.408000000000004734e-02,1.203418803418807564e-07,7.628561458986248267e-01,3.250000000000000000e+01
4.214999999999999858e+00,1.180000000000000000e+05,8.429999999999999716e-01,1.232399999999999940e+00,1.760000000000006004e-02,1.408000000000004734e-02,1.193220338983054946e-07,7.628561458986248267e-01,3.277777777777777857e+01
4.209999999999999964e+00,1.190000000000000000e+05,8.420000000000000817e-01,1.231400000000000050e+00,1.859999999999994991e-02,1.487999999999995923e-02,1.250420168067223523e-07,7.634756490218167491e-01,3.305555555555555713e+01
4.214999999999999858e+00,1.200000000000000000e+05,8.429999999999999716e-01,1.232399999999999940e+00,1.760000000000006004e-02,1.408000000000004734e-02,1.173333333333337222e-07,7.628561458986248267e-01,3.333333333333333570e+01
4.214999999999999858e+00,1.210000000000000000e+05,8.429999999999999716e-01,1.232399999999999940e+00,1.760000000000006004e-02,1.408000000000004734e-02,1.163636363636367487e-07,7.628561458986248267e-01,3.361111111111111427e+01
4.214000000000000412e+00,1.220000000000000000e+05,8.428000000000001046e-01,1.232200000000000184e+00,1.779999999999981597e-02,1.423999999999985347e-02,1.167213114754086302e-07,7.629799660813706419e-01,3.388888888888888573e+01
4.214999999999999858e+00,1.230000000000000000e+05,8.429999999999999716e-01,1.232399999999999940e+00,1.760000000000006004e-02,1.408000000000004734e-02,1.144715447154475381e-07,7.628561458986248267e-01,3.416666666666666430e+01
4.221000000000000085e+00,1.240000000000000000e+05,8.442000000000000615e-01,1.233600000000000030e+00,1.639999999999997016e-02,1.311999999999997543e-02,1.058064516129030312e-07,7.621140679356883663e-01,3.444444444444444287e+01
4.214999999999999858e+00,1.250000000000000000e+05,8.429999999999999716e-01,1.232399999999999940e+00,1.760000000000006004e-02,1.408000000000004734e-02,1.126400000000003787e-07,7.628561458986248267e-01,3.472222222222222143e+01
4.213000000000000078e+00,1.260000000000000000e+05,8.426000000000000156e-01,1.231999999999999984e+00,1.800000000000001599e-02,1.440000000000001348e-02,1.142857142857143940e-07,7.631038264654751435e-01,3.500000000000000000e+01
4.209999999999999964e+00,1.270000000000000000e+05,8.420000000000000817e-01,1.231400000000000050e+00,1.859999999999994991e-02,1.487999999999995923e-02,1.171653543307083352e-07,7.634756490218167491e-01,3.527777777777777857e+01
4.209999999999999964e+00,1.280000000000000000e+05,8.420000000000000817e-01,1.231400000000000050e+00,1.859999999999994991e-02,1.487999999999995923e-02,1.162499999999996811e-07,7.634756490218167491e-01,3.555555555555555713e+01
4.214999999999999858e+00,1.290000000000000000e+05,8.429999999999999716e-01,1.232399999999999940e+00,1.760000000000006004e-02,1.408000000000004734e-02,1.091472868217057983e-07,7.628561458986248267e-01,3.583333333333333570e+01
4.209999999999999964e+00,1.300000000000000000e+05,8.420000000000000817e-01,1.231400000000000050e+00,1.859999999999994991e-02,1.487999999999995923e-02,1.144615384615381426e-07,7.634756490218167491e-01,3.611111111111111427e+01
4.209999999999999964e+00,1.310000000000000000e+05,8.420000000000000817e-01,1.231400000000000050e+00,1.859999999999994991e-02,1.487999999999995923e-02,1.135877862595416706e-07,7.634756490218167491e-01,3.638888888888888573e+01
4.208999999999999631e+00,1.320000000000000000e+05,8.417999999999999927e-01,1.231199999999999850e+00,1.880000000000014992e-02,1.504000000000011925e-02,1.139393939393948442e-07,7.635996704072980368e-01,3.666666666666666430e+01
4.214999999999999858e+00,1.330000000000000000e+05,8.429999999999999716e-01,1.232399999999999940e+00,1.760000000000006004e-02,1.408000000000004734e-02,1.058646616541356888e-07,7.628561458986248267e-01,3.694444444444444287e+01
4.209999999999999964e+00,1.340000000000000000e+05,8.420000000000000817e-01,1.231400000000000050e+00,1.859999999999994991e-02,1.487999999999995923e-02,1.110447761194026818e-07,7.634756490218167491e-01,3.722222222222222143e+01
4.211000000000000298e+00,1.350000000000000000e+05,8.422000000000000597e-01,1.231600000000000028e+00,1.839999999999997193e-02,1.471999999999997789e-02,1.090370370370368737e-07,7.633516679160972096e-01,3.750000000000000000e+01
4.203999999999999737e+00,1.360000000000000000e+05,8.407999999999999918e-01,1.230199999999999960e+00,1.980000000000003979e-02,1.584000000000003114e-02,1.164705882352943431e-07,7.642203822187165763e-01,3.777777777777777857e+01
4.208999999999999631e+00,1.370000000000000000e+05,8.417999999999999927e-01,1.231199999999999850e+00,1.880000000000014992e-02,1.504000000000011925e-02,1.097810218978110956e-07,7.635996704072980368e-01,3.805555555555555713e+01
4.201999999999999957e+00,1.380000000000000000e+05,8.404000000000000359e-01,1.229800000000000004e+00,2.019999999999999574e-02,1.615999999999999728e-02,1.171014492753622965e-07,7.644689495897423193e-01,3.833333333333333570e+01
4.201999999999999957e+00,1.390000000000000000e+05,8.404000000000000359e-01,1.229800000000000004e+00,2.019999999999999574e-02,1.615999999999999728e-02,1.162589928057553705e-07,7.644689495897423193e-01,3.861111111111111427e+01
4.201999999999999957e+00,1.400000000000000000e+05,8.404000000000000359e-01,1.229800000000000004e+00,2.019999999999999574e-02,1.615999999999999728e-02,1.154285714285714072e-07,7.644689495897423193e-01,3.888888888888888573e+01
4.200999999999999623e+00,1.410000000000000000e+05,8.401999999999999469e-01,1.229600000000000026e+00,2.039999999999997371e-02,1.631999999999998036e-02,1.157446808510636849e-07,7.645932939211654844e-01,3.916666666666666430e+01
4.185999999999999943e+00,1.420000000000000000e+05,8.372000000000000552e-01,1.226599999999999913e+00,2.340000000000008740e-02,1.872000000000006992e-02,1.318309859154934418e-07,7.664633248047163505e-01,3.944444444444444287e+01
4.187999999999999723e+00,1.430000000000000000e+05,8.376000000000000112e-01,1.226999999999999869e+00,2.300000000000013145e-02,1.840000000000010377e-02,1.286713286713294089e-07,7.662134590101591369e-01,3.972222222222222143e+01
4.193999999999999950e+00,1.440000000000000000e+05,8.387999999999999901e-01,1.228199999999999958e+00,2.180000000000004157e-02,1.744000000000003187e-02,1.211111111111113309e-07,7.654648381415609659e-01,4.000000000000000000e+01
4.195000000000000284e+00,1.450000000000000000e+05,8.390000000000000790e-01,1.228400000000000158e+00,2.159999999999984155e-02,1.727999999999987185e-02,1.191724137931025639e-07,7.653402101965688376e-01,4.027777777777777857e+01
4.187999999999999723e+00,1.460000000000000000e+05,8.376000000000000112e-01,1.226999999999999869e+00,2.300000000000013145e-02,1.840000000000010377e-02,1.260273972602746743e-07,7.662134590101591369e-01,4.055555555555555713e+01
4.189000000000000057e+00,1.470000000000000000e+05,8.378000000000001002e-01,1.227200000000000069e+00,2.279999999999993143e-02,1.823999999999994376e-02,1.240816326530608414e-07,7.660885871948053261e-01,4.083333333333333570e+01
4.184999999999999609e+00,1.480000000000000000e+05,8.369999999999999662e-01,1.226399999999999935e+00,2.360000000000006537e-02,1.888000000000005299e-02,1.275675675675679380e-07,7.665883188237648804e-01,4.111111111111111427e+01
4.179000000000000270e+00,1.490000000000000000e+05,8.358000000000000984e-01,1.225200000000000067e+00,2.479999999999993321e-02,1.983999999999994795e-02,1.331543624161070450e-07,7.673391398999879209e-01,4.138888888888888573e+01
4.184999999999999609e+00,1.500000000000000000e+05,8.369999999999999662e-01,1.226399999999999935e+00,2.360000000000006537e-02,1.888000000000005299e-02,1.258666666666670261e-07,7.665883188237648804e-01,4.166666666666666430e+01
4.187000000000000277e+00,1.510000000000000000e+05,8.374000000000001442e-01,1.226800000000000113e+00,2.319999999999988738e-02,1.855999999999990990e-02,1.229139072847676244e-07,7.663383715401573815e-01,4.194444444444444287e+01
4.179000000000000270e+00,1.520000000000000000e+05,8.358000000000000984e-01,1.225200000000000067e+00,2.479999999999993321e-02,1.983999999999994795e-02,1.305263157894733442e-07,7.673391398999879209e-01,4.222222222222222143e+01
4.184999999999999609e+00,1.530000000000000000e+05,8.369999999999999662e-01,1.226399999999999935e+00,2.360000000000006537e-02,1.888000000000005299e-02,1.233986928104578526e-07,7.665883188237648804e-01,4.250000000000000000e+01
4.184999999999999609e+00,1.540000000000000000e+05,8.369999999999999662e-01,1.226399999999999935e+00,2.360000000000006537e-02,1.888000000000005299e-02,1.225974025974029393e-07,7.665883188237648804e-01,4.277777777777777857e+01
4.184999999999999609e+00,1.550000000000000000e+05,8.369999999999999662e-01,1.226399999999999935e+00,2.360000000000006537e-02,1.888000000000005299e-02,1.218064516129035583e-07,7.665883188237648804e-01,4.305555555555555713e+01
4.174999999999999822e+00,1.560000000000000000e+05,8.349999999999999645e-01,1.224399999999999933e+00,2.560000000000006715e-02,2.048000000000005372e-02,1.312820512820516187e-07,7.678405049048230291e-01,4.333333333333333570e+01
4.179999999999999716e+00,1.570000000000000000e+05,8.359999999999999654e-01,1.225400000000000045e+00,2.459999999999995524e-02,1.967999999999996488e-02,1.253503184713373428e-07,7.672139009347684890e-01,4.361111111111111427e+01
4.174999999999999822e+00,1.580000000000000000e+05,8.349999999999999645e-01,1.224399999999999933e+00,2.560000000000006715e-02,2.048000000000005372e-02,1.296202531645573092e-07,7.678405049048230291e-01,4.388888888888888573e+01
4.184999999999999609e+00,1.590000000000000000e+05,8.369999999999999662e-01,1.226399999999999935e+00,2.360000000000006537e-02,1.888000000000005299e-02,1.187421383647802078e-07,7.665883188237648804e-01,4.416666666666666430e+01
4.174999999999999822e+00,1.600000000000000000e+05,8.349999999999999645e-01,1.224399999999999933e+00,2.560000000000006715e-02,2.048000000000005372e-02,1.280000000000003256e-07,7.678405049048230291e-01,4.444444444444444287e+01
4.179999999999999716e+00,1.610000000000000000e+05,8.359999999999999654e-01,1.225400000000000045e+00,2.459999999999995524e-02,1.967999999999996488e-02,1.222360248447202739e-07,7.672139009347684890e-01,4.472222222222222143e+01
4.181000000000000050e+00,1.620000000000000000e+05,8.362000000000000544e-01,1.225600000000000023e+00,2.439999999999997726e-02,1.951999999999998181e-02,1.204938271604937130e-07,7.670887028438846400e-01,4.500000000000000000e+01
4.179999999999999716e+00,1.630000000000000000e+05,8.359999999999999654e-01,1.225400000000000045e+00,2.459999999999995524e-02,1.967999999999996488e-02,1.207361963190181773e-07,7.672139009347684890e-01,4.527777777777777857e+01
4.179999999999999716e+00,1.640000000000000000e+05,8.359999999999999654e-01,1.225400000000000045e+00,2.459999999999995524e-02,1.967999999999996488e-02,1.199999999999997775e-07,7.672139009347684890e-01,4.555555555555555713e+01
4.179999999999999716e+00,1.650000000000000000e+05,8.359999999999999654e-01,1.225400000000000045e+00,2.459999999999995524e-02,1.967999999999996488e-02,1.192727272727270606e-07,7.672139009347684890e-01,4.583333333333333570e+01
4.174999999999999822e+00,1.660000000000000000e+05,8.349999999999999645e-01,1.224399999999999933e+00,2.560000000000006715e-02,2.048000000000005372e-02,1.233734939759039452e-07,7.678405049048230291e-01,4.611111111111111427e+01
4.181000000000000050e+00,1.670000000000000000e+05,8.362000000000000544e-01,1.225600000000000023e+00,2.439999999999997726e-02,1.951999999999998181e-02,1.168862275449100673e-07,7.670887028438846400e-01,4.638888888888888573e+01
4.174999999999999822e+00,1.680000000000000000e+05,8.349999999999999645e-01,1.224399999999999933e+00,2.560000000000006715e-02,2.048000000000005372e-02,1.219047619047622249e-07,7.678405049048230291e-01,4.666666666666666430e+01
4.174999999999999822e+00,1.690000000000000000e+05,8.349999999999999645e-01,1.224399999999999933e+00,2.560000000000006715e-02,2.048000000000005372e-02,1.211834319526630469e-07,7.678405049048230291e-01,4.694444444444444287e+01
4.176999999999999602e+00,1.700000000000000000e+05,8.353999999999999204e-01,1.224799999999999889e+00,2.520000000000011120e-02,2.016000000000008757e-02,1.185882352941181570e-07,7.675897405335281309e-01,4.722222222222222143e+01
4.174999999999999822e+00,1.710000000000000000e+05,8.349999999999999645e-01,1.224399999999999933e+00,2.560000000000006715e-02,2.048000000000005372e-02,1.197660818713453517e-07,7.678405049048230291e-01,4.750000000000000000e+01
4.174000000000000377e+00,1.720000000000000000e+05,8.348000000000000975e-01,1.224200000000000177e+00,2.579999999999982307e-02,2.063999999999985985e-02,1.199999999999991952e-07,7.679659485422848375e-01,4.777777777777777857e+01
4.168999999999999595e+00,1.730000000000000000e+05,8.337999999999999856e-01,1.223199999999999843e+00,2.680000000000015703e-02,2.144000000000012562e-02,1.239306358381510120e-07,7.685937820515578167e-01,4.805555555555555713e+01
4.174999999999999822e+00,1.740000000000000000e+05,8.349999999999999645e-01,1.224399999999999933e+00,2.560000000000006715e-02,2.048000000000005372e-02,1.177011494252876600e-07,7.678405049048230291e-01,4.833333333333333570e+01
4.174999999999999822e+00,1.750000000000000000e+05,8.349999999999999645e-01,1.224399999999999933e+00,2.560000000000006715e-02,2.048000000000005372e-02,1.170285714285717391e-07,7.678405049048230291e-01,4.861111111111111427e+01
4.166000000000000369e+00,1.760000000000000000e+05,8.332000000000001627e-01,1.222600000000000131e+00,2.739999999999986890e-02,2.191999999999989443e-02,1.245454545454539474e-07,7.689709751394283588e-01,4.888888888888888573e+01
4.168000000000000149e+00,1.770000000000000000e+05,8.336000000000001187e-01,1.223000000000000087e+00,2.699999999999991296e-02,2.159999999999993175e-02,1.220338983050843733e-07,7.687194719586796232e-01,4.916666666666666430e+01
4.174999999999999822e+00,1.780000000000000000e+05,8.349999999999999645e-01,1.224399999999999933e+00,2.560000000000006715e-02,2.048000000000005372e-02,1.150561797752812054e-07,7.678405049048230291e-01,4.944444444444444287e+01
4.168999999999999595e+00,1.790000000000000000e+05,8.337999999999999856e-01,1.223199999999999843e+00,2.680000000000015703e-02,2.144000000000012562e-02,1.197765363128498576e-07,7.685937820515578167e-01,4.972222222222222143e+01
4.174000000000000377e+00,1.800000000000000000e+05,8.348000000000000975e-01,1.224200000000000177e+00,2.579999999999982307e-02,2.063999999999985985e-02,1.146666666666658935e-07,7.679659485422848375e-01,5.000000000000000000e+01
4.168999999999999595e+00,1.810000000000000000e+05,8.337999999999999856e-01,1.223199999999999843e+00,2.680000000000015703e-02,2.144000000000012562e-02,1.184530386740338404e-07,7.685937820515578167e-01,5.027777777777777857e+01
4.166999999999999815e+00,1.820000000000000000e+05,8.334000000000000297e-01,1.222799999999999887e+00,2.720000000000011298e-02,2.176000000000009177e-02,1.195604395604400618e-07,7.688452029812442579e-01,5.055555555555555713e+01
4.168999999999999595e+00,1.830000000000000000e+05,8.337999999999999856e-01,1.223199999999999843e+00,2.680000000000015703e-02,2.144000000000012562e-02,1.171584699453558732e-07,7.685937820515578167e-01,5.083333333333333570e+01
4.166999999999999815e+00,1.840000000000000000e+05,8.334000000000000297e-01,1.222799999999999887e+00,2.720000000000011298e-02,2.176000000000009177e-02,1.182608695652178898e-07,7.688452029812442579e-01,5.111111111111111427e+01
4.168999999999999595e+00,1.850000000000000000e+05,8.337999999999999856e-01,1.223199999999999843e+00,2.680000000000015703e-02,2.144000000000012562e-02,1.158918918918925712e-07,7.685937820515578167e-01,5.138888888888888573e+01
4.166000000000000369e+00,1.860000000000000000e+05,8.332000000000001627e-01,1.222600000000000131e+00,2.739999999999986890e-02,2.191999999999989443e-02,1.178494623655908355e-07,7.689709751394283588e-01,5.166666666666666430e+01
4.168999999999999595e+00,1.870000000000000000e+05,8.337999999999999856e-01,1.223199999999999843e+00,2.680000000000015703e-02,2.144000000000012562e-02,1.146524064171129743e-07,7.685937820515578167e-01,5.194444444444444287e+01
4.166000000000000369e+00,1.880000000000000000e+05,8.332000000000001627e-01,1.222600000000000131e+00,2.739999999999986890e-02,2.191999999999989443e-02,1.165957446808505011e-07,7.689709751394283588e-01,5.222222222222222143e+01
4.166000000000000369e+00,1.890000000000000000e+05,8.332000000000001627e-01,1.222600000000000131e+00,2.739999999999986890e-02,2.191999999999989443e-02,1.159788359788354225e-07,7.689709751394283588e-01,5.250000000000000000e+01
4.166999999999999815e+00,1.900000000000000000e+05,8.334000000000000297e-01,1.222799999999999887e+00,2.720000000000011298e-02,2.176000000000009177e-02,1.145263157894741671e-07,7.688452029812442579e-01,5.277777777777777857e+01
4.166999999999999815e+00,1.910000000000000000e+05,8.334000000000000297e-01,1.222799999999999887e+00,2.720000000000011298e-02,2.176000000000009177e-02,1.139267015706811151e-07,7.688452029812442579e-01,5.305555555555555713e+01
4.166999999999999815e+00,1.920000000000000000e+05,8.334000000000000297e-01,1.222799999999999887e+00,2.720000000000011298e-02,2.176000000000009177e-02,1.133333333333338055e-07,7.688452029812442579e-01,5.333333333333333570e+01
4.160999999999999588e+00,1.930000000000000000e+05,8.321999999999999398e-01,1.221600000000000019e+00,2.839999999999998082e-02,2.271999999999998326e-02,1.177202072538859178e-07,7.696004536717954148e-01,5.361111111111111427e+01
4.160999999999999588e+00,1.940000000000000000e+05,8.321999999999999398e-01,1.221600000000000019e+00,2.839999999999998082e-02,2.271999999999998326e-02,1.171134020618555871e-07,7.696004536717954148e-01,5.388888888888888573e+01
4.160999999999999588e+00,1.950000000000000000e+05,8.321999999999999398e-01,1.221600000000000019e+00,2.839999999999998082e-02,2.271999999999998326e-02,1.165128205128204291e-07,7.696004536717954148e-01,5.416666666666666430e+01
4.160999999999999588e+00,1.960000000000000000e+05,8.321999999999999398e-01,1.221600000000000019e+00,2.839999999999998082e-02,2.271999999999998326e-02,1.159183673469386872e-07,7.696004536717954148e-01,5.444444444444444287e+01
4.161999999999999922e+00,1.970000000000000000e+05,8.324000000000000288e-01,1.221799999999999997e+00,2.820000000000000284e-02,2.256000000000000366e-02,1.145177664974619520e-07,7.694744755323827956e-01,5.472222222222222143e+01
4.158999999999999808e+00,1.980000000000000000e+05,8.317999999999999838e-01,1.221200000000000063e+00,2.879999999999993676e-02,2.303999999999994941e-02,1.163636363636361134e-07,7.698525337417827519e-01,5.500000000000000000e+01
4.161999999999999922e+00,1.990000000000000000e+05,8.324000000000000288e-01,1.221799999999999997e+00,2.820000000000000284e-02,2.256000000000000366e-02,1.133668341708542931e-07,7.694744755323827956e-01,5.527777777777777857e+01
4.161999999999999922e+00,2.000000000000000000e+05,8.324000000000000288e-01,1.221799999999999997e+00,2.820000000000000284e-02,2.256000000000000366e-02,1.128000000000000174e-07,7.694744755323827956e-01,5.555555555555555713e+01
4.155000000000000249e+00,2.010000000000000000e+05,8.310000000000000719e-01,1.220400000000000151e+00,2.959999999999984865e-02,2.367999999999987823e-02,1.178109452736312350e-07,7.703571896144419950e-01,5.583333333333333570e+01
4.155999999999999694e+00,2.020000000000000000e+05,8.311999999999999389e-01,1.220599999999999907e+00,2.940000000000009273e-02,2.352000000000007557e-02,1.164356435643568106e-07,7.702309636289245143e-01,5.611111111111111427e+01
4.155999999999999694e+00,2.030000000000000000e+05,8.311999999999999389e-01,1.220599999999999907e+00,2.940000000000009273e-02,2.352000000000007557e-02,1.158620689655176139e-07,7.702309636289245143e-01,5.638888888888888573e+01
4.161999999999999922e+00,2.040000000000000000e+05,8.324000000000000288e-01,1.221799999999999997e+00,2.820000000000000284e-02,2.256000000000000366e-02,1.105882352941176618e-07,7.694744755323827956e-01,5.666666666666666430e+01
4.155999999999999694e+00,2.050000000000000000e+05,8.311999999999999389e-01,1.220599999999999907e+00,2.940000000000009273e-02,2.352000000000007557e-02,1.147317073170735428e-07,7.702309636289245143e-01,5.694444444444444287e+01
4.157000000000000028e+00,2.060000000000000000e+05,8.314000000000000279e-01,1.220800000000000107e+00,2.919999999999989271e-02,2.335999999999991555e-02,1.133980582524267695e-07,7.701047790018553663e-01,5.722222222222222143e+01
4.152999999999999581e+00,2.070000000000000000e+05,8.306000000000000050e-01,1.219999999999999973e+00,3.000000000000002665e-02,2.400000000000002132e-02,1.159420289855073518e-07,7.706097657421846492e-01,5.750000000000000000e+01
4.160999999999999588e+00,2.080000000000000000e+05,8.321999999999999398e-01,1.221600000000000019e+00,2.839999999999998082e-02,2.271999999999998326e-02,1.092307692307691531e-07,7.696004536717954148e-01,5.777777777777777857e+01
4.155999999999999694e+00,2.090000000000000000e+05,8.311999999999999389e-01,1.220599999999999907e+00,2.940000000000009273e-02,2.352000000000007557e-02,1.125358851674644776e-07,7.702309636289245143e-01,5.805555555555555713e+01
4.153999999999999915e+00,2.100000000000000000e+05,8.307999999999999829e-01,1.220199999999999951e+00,2.980000000000004867e-02,2.384000000000003824e-02,1.135238095238097009e-07,7.704834569787454290e-01,5.833333333333333570e+01
4.155999999999999694e+00,2.110000000000000000e+05,8.311999999999999389e-01,1.220599999999999907e+00,2.940000000000009273e-02,2.352000000000007557e-02,1.114691943127965680e-07,7.702309636289245143e-01,5.861111111111111427e+01
4.153999999999999915e+00,2.120000000000000000e+05,8.307999999999999829e-01,1.220199999999999951e+00,2.980000000000004867e-02,2.384000000000003824e-02,1.124528301886794212e-07,7.704834569787454290e-01,5.888888888888888573e+01
4.155999999999999694e+00,2.130000000000000000e+05,8.311999999999999389e-01,1.220599999999999907e+00,2.940000000000009273e-02,2.352000000000007557e-02,1.104225352112679664e-07,7.702309636289245143e-01,5.916666666666666430e+01
4.153999999999999915e+00,2.140000000000000000e+05,8.307999999999999829e-01,1.220199999999999951e+00,2.980000000000004867e-02,2.384000000000003824e-02,1.114018691588786798e-07,7.704834569787454290e-01,5.944444444444444287e+01
4.153999999999999915e+00,2.150000000000000000e+05,8.307999999999999829e-01,1.220199999999999951e+00,2.980000000000004867e-02,2.384000000000003824e-02,1.108837209302327376e-07,7.704834569787454290e-01,5.972222222222222143e+01
4.153999999999999915e+00,2.160000000000000000e+05,8.307999999999999829e-01,1.220199999999999951e+00,2.980000000000004867e-02,2.384000000000003824e-02,1.103703703703705499e-07,7.704834569787454290e-01,6.000000000000000000e+01
4.153999999999999915e+00,2.170000000000000000e+05,8.307999999999999829e-01,1.220199999999999951e+00,2.980000000000004867e-02,2.384000000000003824e-02,1.098617511520739045e-07,7.704834569787454290e-01,6.027777777777777857e+01
4.152999999999999581e+00,2.180000000000000000e+05,8.306000000000000050e-01,1.219999999999999973e+00,3.000000000000002665e-02,2.400000000000002132e-02,1.100917431192661547e-07,7.706097657421846492e-01,6.055555555555555713e+01
